fpsMembers/bankName,fpsMembers/bankNameRu,fpsMembers/bankId,fpsMembers/bic,fpsMembers/scenarios/0/name,fpsMembers/scenarios/0/roles/0,fpsMembers/scenarios/0/roles/1,fpsMembers/scenarios/1/name,fpsMembers/scenarios/1/roles/0,fpsMembers/scenarios/1/roles/1,fpsMembers/scenarios/2/name,fpsMembers/scenarios/2/roles/0,fpsMembers/scenarios/3/name,fpsMembers/scenarios/3/roles/0,fpsMembers/scenarios/3/roles/1,fpsMembers/scenarios/4/name,fpsMembers/scenarios/4/roles/0,fpsMembers/scenarios/4/roles/1,fpsMembers/scenarios/5/name,fpsMembers/scenarios/5/roles/0,fpsMembers/scenarios/5/roles/1,fpsMembers/scenarios/6/name,fpsMembers/scenarios/6/roles/0,fpsMembers/scenarios/6/roles/1,fpsMembers/scenarios/7/name,fpsMembers/scenarios/7/roles/0,fpsMembers/scenarios/7/roles/1,fpsMembers/scenarios/8/name,fpsMembers/scenarios/8/roles/0,fpsMembers/scenarios/2/roles/1,fpsMembers/scenarios/8/roles/1,fpsMembers/scenarios/9/name,fpsMembers/scenarios/9/roles/0,fpsMembers/scenarios/9/roles/1,fpsMembers/scenarios/10/name,fpsMembers/scenarios/10/roles/0
Norvik Bank,Норвик Банк,100000000202,044525845,C2BQRD,Receiver,Sender,C2BQRS,Receiver,Sender,C2BMcom,Sender,C2BRfnd,Receiver,Sender,C2CPush,Receiver,Sender,B2COther,Receiver,Sender,SbscrLnk,Receiver,Sender,Me2MePull,Receiver,Sender,Me2MePush,Receiver,,,,,,,
BANK KREMLYOVSKIY,Банк Кремлевский,100000000201,044525196,C2BQRD,Receiver,Sender,C2BQRS,Receiver,Sender,C2BMcom,Sender,C2BRfnd,Receiver,Sender,C2CPush,Receiver,Sender,B2COther,Receiver,Sender,SbscrLnk,Receiver,Sender,Me2MePull,Receiver,Sender,Me2MePush,Receiver,,,,,,,
JSCB SLAVIA,АКБ СЛАВИЯ,100000000200,044525318,C2BQRD,Receiver,Sender,C2BQRS,Receiver,Sender,C2BMcom,Sender,C2BRfnd,Receiver,Sender,C2CPush,Receiver,Sender,B2COther,Receiver,Sender,SbscrLnk,Sender,,Me2MePull,Receiver,Sender,Me2MePush,Receiver,,,,,,,
Tomskpromstroybank,Томскпромстройбанк,100000000206,046902728,B2COther,Receiver,Sender,SbscrLnk,Receiver,Sender,Me2MePull,Receiver,Me2MePush,Receiver,,C2BQRD,Receiver,Sender,C2BQRS,Receiver,Sender,C2BMcom,Sender,,C2BRfnd,Receiver,Sender,C2CPush,Receiver,Sender,Sender,,,,,
Bank Zarechye,Банк Заречье,100000000205,049205772,C2BQRD,Receiver,Sender,C2BQRS,Receiver,Sender,C2BMcom,Sender,C2BRfnd,Receiver,Sender,C2CPush,Receiver,Sender,B2COther,Receiver,Sender,SbscrLnk,Receiver,Sender,Me2MePull,Receiver,Sender,Me2MePush,Receiver,,,,,,,
American Express Bank,Америкэн Экспресс Банк,100000000204,044525717,C2BQRD,Receiver,,C2BQRS,Receiver,,C2BRfnd,Sender,,,,,,,,,,,,,,,,,,,,,,,,
INTERNATIONAL FINANCIAL CLUB,МЕЖДУНАРОДНЫЙ ФИНАНСОВЫЙ КЛУБ,100000000203,044525632,C2BQRD,Receiver,Sender,C2BQRS,Receiver,Sender,C2BMcom,Sender,C2BRfnd,Receiver,Sender,C2CPush,Receiver,Sender,B2COther,Receiver,Sender,Me2MePull,Receiver,Sender,Me2MePush,Receiver,,,,,,,,,,
SNB,Северный Народный Банк,100000000208,048702781,C2BQRD,Receiver,Sender,C2BQRS,Receiver,Sender,C2BMcom,Sender,C2BRfnd,Receiver,Sender,C2CPush,Receiver,Sender,B2COther,Receiver,Sender,SbscrLnk,Receiver,Sender,Me2MePull,Receiver,Sender,Me2MePush,Receiver,,,,,,,
Deutsche Bank,Дойче банк,100000000207,044525101,C2BQRD,Receiver,,C2BRfnd,Sender,,,,,,,,,,,,,,,,,,,,,,,,,,,
Centr-invest,Центр-инвест,100000000059,046015762,C2BQRD,Receiver,Sender,C2BQRS,Receiver,Sender,C2BMcom,Sender,C2BRfnd,Receiver,Sender,C2CPush,Receiver,Sender,B2COther,Receiver,Sender,Me2MePull,Receiver,Sender,Me2MePush,Receiver,,C2CIntPush,Receiver,,,,,,,
Vladbusinessbank,ВЛАДБИЗНЕСБАНК,100000000058,041708706,C2BQRD,Receiver,Sender,C2BQRS,Receiver,Sender,C2BMcom,Sender,C2BRfnd,Receiver,Sender,C2CPush,Receiver,Sender,B2COther,Receiver,Sender,SbscrLnk,Receiver,Sender,Me2MePull,Receiver,Sender,Me2MePush,Receiver,,,,,,,
VK Pay - Money.Mail.Ru,VK Pay - РНКО Деньги.Мэйл.Ру,100000000057,044525701,C2BQRD,Receiver,,C2BQRS,Receiver,,C2BRfnd,Sender,C2CPush,Receiver,Sender,B2COther,Sender,,Me2MePush,Receiver,,,,,,,,,,,,,,,,
CB Khlynov,КБ Хлынов,100000000056,043304711,C2BQRD,Receiver,Sender,C2BQRS,Receiver,Sender,C2BMcom,Sender,C2BRfnd,Receiver,Sender,C2CPush,Receiver,Sender,B2COther,Receiver,Sender,SbscrLnk,Receiver,Sender,Me2MePull,Receiver,Sender,Me2MePush,Receiver,,,,,,,
NOVIKOMBANK,НОВИКОМБАНК,100000000177,044525162,C2BQRD,Sender,,C2BQRS,Sender,,C2BMcom,Sender,C2BRfnd,Receiver,,C2CPush,Receiver,Sender,B2COther,Receiver,,SbscrLnk,Sender,,Me2MePull,Receiver,Sender,Me2MePush,Receiver,,,,,,,
NOKSSBANK,НОКССБАНК,100000000062,041806831,C2BQRD,Receiver,Sender,C2BQRS,Receiver,Sender,C2BMcom,Sender,C2BRfnd,Receiver,Sender,C2CPush,Receiver,Sender,B2COther,Receiver,Sender,SbscrLnk,Receiver,Sender,Me2MePull,Receiver,Sender,Me2MePush,Receiver,,,,,,,
"LLC CB ""GT bank""",Газтрансбанк,100000000183,040349789,C2BQRD,Receiver,Sender,C2BQRS,Receiver,Sender,C2BMcom,Sender,C2BRfnd,Receiver,Sender,C2CPush,Receiver,Sender,B2COther,Receiver,Sender,Me2MePull,Receiver,Sender,Me2MePush,Receiver,,,,,,,,,,
MONETA,МОНЕТА,100000000061,048860734,C2BQRD,Receiver,Sender,C2BQRS,Receiver,Sender,C2BRfnd,Receiver,C2CPush,Receiver,Sender,B2COther,Sender,,Me2MePull,Receiver,Sender,Me2MePush,Receiver,,,,,,,Sender,,,,,,
Bаnk United capital,Банк Объединенный капитал,100000000182,044030826,C2BQRD,Receiver,Sender,C2BQRS,Receiver,Sender,C2BMcom,Sender,C2BRfnd,Receiver,Sender,C2CPush,Receiver,Sender,B2COther,Receiver,Sender,SbscrLnk,Sender,,Me2MePull,Receiver,Sender,Me2MePush,Receiver,,,,,,,
Avtotorgbank,Автоторгбанк,100000000181,044525097,C2BQRD,Receiver,Sender,C2BQRS,Receiver,Sender,C2BMcom,Sender,C2BRfnd,Receiver,Sender,C2CPush,Receiver,Sender,B2COther,Receiver,Sender,SbscrLnk,Receiver,Sender,Me2MePull,Receiver,Sender,Me2MePush,Receiver,,,,,,,
Kuban Trade Bank,Кубаньторгбанк,100000000180,040349718,C2BQRD,Receiver,Sender,C2BQRS,Receiver,Sender,C2BMcom,Sender,C2BRfnd,Receiver,Sender,C2CPush,Receiver,Sender,B2COther,Receiver,Sender,Me2MePull,Receiver,Sender,Me2MePush,Receiver,,,,,,,,,,
Bank RESO Credit,Банк РЕСО Кредит,100000000187,044525451,C2BQRD,Receiver,Sender,C2BQRS,Receiver,Sender,C2BMcom,Sender,C2BRfnd,Receiver,Sender,C2CPush,Receiver,Sender,B2COther,Receiver,Sender,Me2MePull,Receiver,Sender,Me2MePush,Receiver,,,,,,,,,,
Zemsky bank,Земский банк,100000000066,043601811,C2BQRD,Receiver,Sender,C2BQRS,Receiver,Sender,C2BMcom,Sender,C2BRfnd,Receiver,Sender,C2CPush,Receiver,Sender,B2COther,Receiver,Sender,Me2MePull,Receiver,Sender,Me2MePush,Receiver,,,,,,,,,,
Tochka (Bank Otkritie Financial Corporation),ТОЧКА (ФК ОТКРЫТИЕ),100000000065,044525999,C2BQRD,Receiver,Sender,C2BQRS,Receiver,Sender,C2BMcom,Sender,C2BRfnd,Receiver,Sender,C2CPush,Receiver,Sender,B2COther,Receiver,Sender,Me2MePull,Receiver,Sender,Me2MePush,Receiver,,,,,,,,,,
Credit Ural Bank,Кредит Урал Банк,100000000064,047516949,C2BQRD,Receiver,Sender,C2BQRS,Receiver,Sender,C2BMcom,Sender,C2BRfnd,Receiver,Sender,C2CPush,Receiver,Sender,B2COther,Receiver,Sender,SbscrLnk,Sender,,Me2MePull,Receiver,Sender,Me2MePush,Receiver,,,,,,,
Natsinvestprombank,Нацинвестпромбанк,100000000185,044525413,C2BQRD,Receiver,Sender,C2BQRS,Receiver,Sender,C2BMcom,Sender,C2BRfnd,Receiver,Sender,C2CPush,Receiver,Sender,B2COther,Receiver,Sender,SbscrLnk,Receiver,Sender,Me2MePull,Receiver,Sender,Me2MePush,Receiver,,,,,,,
JSCB NRBank,АКБ НРБанк,100000000184,044525933,C2BQRD,Sender,,C2BQRS,Receiver,Sender,C2BMcom,Sender,C2BRfnd,Receiver,,C2CPush,Receiver,Sender,SbscrLnk,Sender,,Me2MePull,Receiver,Sender,Me2MePush,Receiver,,,,,,,,,,
SDM-Bank,СДМ-Банк,100000000069,044525685,C2BQRD,Receiver,Sender,C2BQRS,Receiver,Sender,C2BMcom,Sender,C2BRfnd,Receiver,Sender,C2CPush,Receiver,Sender,B2COther,Receiver,Sender,SbscrLnk,Receiver,Sender,Me2MePull,Receiver,Sender,Me2MePush,Receiver,,,,,,,
TATSOTSBANK,ТАТСОЦБАНК,100000000189,049205703,C2BQRD,Receiver,Sender,C2BQRS,Receiver,Sender,C2BMcom,Sender,C2BRfnd,Receiver,Sender,C2CPush,Receiver,Sender,B2COther,Receiver,Sender,Me2MePull,Receiver,Sender,Me2MePush,Receiver,,,,,,,,,,
NC Bank,Новый век,100000000067,044525517,C2BQRD,Receiver,Sender,C2BQRS,Receiver,Sender,C2BMcom,Sender,C2BRfnd,Receiver,Sender,C2CPush,Receiver,Sender,B2COther,Receiver,Sender,SbscrLnk,Receiver,Sender,Me2MePull,Receiver,Sender,Me2MePush,Receiver,,,,,,,
RUSNARBANK,РУСНАРБАНК,100000000194,044525466,C2BQRD,Receiver,Sender,C2BQRS,Receiver,Sender,C2BMcom,Sender,C2BRfnd,Receiver,Sender,C2CPush,Receiver,Sender,B2COther,Receiver,Sender,SbscrLnk,Sender,,Me2MePull,Receiver,Sender,Me2MePush,Receiver,,,,,,,
Bratsky Narodny Bank,Братский АНКБ,100000000072,042520842,C2CPush,Receiver,Sender,Me2MePush,Receiver,,,,,,,,,,,,,,,,,,,,,,,,,,,
CB STROYLESBANK,КБ Стройлесбанк,100000000193,047102658,C2BQRD,Receiver,Sender,C2BQRS,Receiver,Sender,C2BMcom,Sender,C2BRfnd,Receiver,Sender,C2CPush,Receiver,Sender,B2COther,Receiver,Sender,SbscrLnk,Sender,,Me2MePull,Receiver,Sender,Me2MePush,Receiver,,,,,,,
NS Bank,НС Банк,100000000071,044525158,C2BQRD,Receiver,Sender,C2BQRS,Receiver,Sender,C2BMcom,Sender,C2BRfnd,Receiver,Sender,C2CPush,Receiver,Sender,B2COther,Receiver,Sender,Me2MePull,Receiver,Sender,Me2MePush,Receiver,,,,,,,,,,
Bank IBA MOSCOW,Банк МБА МОСКВА,100000000192,044525502,C2BQRD,Receiver,Sender,C2BQRS,Receiver,Sender,C2BMcom,Sender,C2BRfnd,Receiver,Sender,C2CPush,Receiver,Sender,B2COther,Receiver,Sender,Me2MePull,Receiver,Sender,Me2MePush,Receiver,,,,,,,,,,
Databank,Датабанк,100000000070,049401871,C2BQRD,Receiver,Sender,C2BQRS,Receiver,Sender,C2BMcom,Sender,C2BRfnd,Receiver,Sender,C2CPush,Receiver,Sender,B2COther,Receiver,Sender,SbscrLnk,Receiver,Sender,Me2MePull,Receiver,Sender,Me2MePush,Receiver,,,,,,,
BANK OF KAZAN,КБЭР Банк Казани,100000000191,049205844,C2BQRD,Receiver,Sender,C2BQRS,Receiver,Sender,C2BMcom,Sender,C2BRfnd,Receiver,Sender,C2CPush,Receiver,Sender,B2COther,Receiver,Sender,Me2MePull,Receiver,Sender,Me2MePush,Receiver,,,,,,,,,,
Econombank,Экономбанк,100000000198,046311722,C2CPush,Receiver,Sender,Me2MePush,Receiver,,,,,,,,,,,,,,,,,,,,,,,,,,,
Transstroibank,Трансстройбанк,100000000197,044525326,C2BQRD,Receiver,Sender,C2BQRS,Receiver,Sender,C2BMcom,Sender,C2BRfnd,Receiver,Sender,C2CPush,Receiver,Sender,B2COther,Receiver,Sender,SbscrLnk,Receiver,Sender,Me2MePull,Receiver,Sender,Me2MePush,Receiver,,,,,,,
Inbank,Инбанк,100000000196,044525308,C2BQRD,Receiver,Sender,C2BQRS,Receiver,Sender,C2BMcom,Sender,C2BRfnd,Receiver,Sender,C2CPush,Receiver,Sender,B2COther,Receiver,Sender,SbscrLnk,Sender,,Me2MePull,Receiver,Sender,Me2MePush,Receiver,,,,,,,
Kuznetskbusinessbank,Кузнецкбизнесбанк,100000000195,043209740,C2BQRD,Receiver,Sender,C2BQRS,Receiver,Sender,C2BMcom,Sender,C2BRfnd,Receiver,Sender,C2CPush,Receiver,Sender,B2COther,Receiver,Sender,SbscrLnk,Receiver,Sender,Me2MePull,Receiver,Sender,Me2MePush,Receiver,,,,,,,
ISBANK,ИШБАНК,100000000199,044525624,C2BQRD,Receiver,Sender,C2BQRS,Receiver,Sender,C2BMcom,Sender,C2BRfnd,Receiver,Sender,C2CPush,Receiver,Sender,B2COther,Receiver,Sender,SbscrLnk,Sender,,Me2MePull,Receiver,Sender,Me2MePush,Receiver,,,,,,,
Bank SOYUZ,Банк СОЮЗ,100000000078,044525148,C2BQRD,Receiver,Sender,C2BQRS,Receiver,Sender,C2BMcom,Sender,C2BRfnd,Receiver,Sender,C2CPush,Receiver,Sender,B2COther,Receiver,Sender,Me2MePull,Receiver,Sender,Me2MePush,Receiver,,,,,,,,,,
Almazergienbank,Алмазэргиэнбанк,100000000080,049805770,C2BQRD,Receiver,Sender,C2BQRS,Receiver,Sender,C2BMcom,Sender,C2BRfnd,Receiver,Sender,C2CPush,Receiver,Sender,B2COther,Receiver,Sender,SbscrLnk,Sender,,Me2MePull,Receiver,Sender,Me2MePush,Receiver,,,,,,,
RosDorBank,РосДорБанк,100000000084,044525666,C2BQRD,Receiver,Sender,C2BQRS,Receiver,Sender,C2BMcom,Sender,C2BRfnd,Receiver,Sender,C2CPush,Receiver,Sender,B2COther,Receiver,Sender,SbscrLnk,Sender,,Me2MePull,Receiver,Sender,Me2MePush,Receiver,,,,,,,
Far Eastern Bank,Дальневосточный банк,100000000083,040507705,C2BQRD,Receiver,Sender,C2BQRS,Receiver,Sender,C2BMcom,Sender,C2BRfnd,Receiver,Sender,C2CPush,Receiver,Sender,B2COther,Receiver,Sender,SbscrLnk,Receiver,Sender,Me2MePull,Receiver,Sender,Me2MePush,Receiver,,,,,,,
Bank DOM.RF,Банк ДОМ.РФ,100000000082,044525266,C2BQRD,Receiver,Sender,C2BQRS,Receiver,Sender,C2BMcom,Sender,C2BRfnd,Receiver,Sender,C2CPush,Receiver,Sender,B2COther,Receiver,,SbscrLnk,Sender,,Me2MePull,Receiver,Sender,Me2MePush,Receiver,,,,,,,
Forshtadt,Форштадт,100000000081,045354860,C2BQRD,Receiver,Sender,C2BQRS,Receiver,Sender,C2BMcom,Sender,C2BRfnd,Receiver,Sender,C2CPush,Receiver,Sender,B2COther,Receiver,Sender,SbscrLnk,Receiver,Sender,Me2MePull,Receiver,Sender,Me2MePush,Receiver,,,,,,,
SCBP Primsotsbank,СКБ Примсоцбанк,100000000088,040507803,C2BQRD,Receiver,Sender,C2BQRS,Receiver,Sender,C2BMcom,Sender,C2BRfnd,Receiver,Sender,C2CPush,Receiver,Sender,B2COther,Receiver,Sender,Me2MePull,Receiver,Sender,Me2MePush,Receiver,,,,,,,,,,
Bank PSCB,Банк ПСКБ,100000000087,044030852,C2BQRD,Receiver,Sender,C2BQRS,Receiver,Sender,C2BMcom,Sender,C2BRfnd,Receiver,Sender,C2CPush,Receiver,Sender,B2COther,Receiver,Sender,SbscrLnk,Receiver,Sender,Me2MePull,Receiver,Sender,Me2MePush,Receiver,,,,,,,
ELPLAT,ЭЛПЛАТ,100000000086,049401758,C2BQRD,Receiver,Sender,C2BQRS,Receiver,Sender,C2BMcom,Sender,C2BRfnd,Receiver,Sender,C2CPush,Receiver,Sender,B2COther,Receiver,Sender,Me2MePush,Receiver,,,,,,,,,,,,,
JSC BANK SNGB,БАНК СНГБ,100000000091,047144709,C2BQRD,Receiver,Sender,C2BQRS,Receiver,Sender,C2BMcom,Sender,C2BRfnd,Receiver,Sender,C2CPush,Receiver,Sender,B2COther,Receiver,Sender,Me2MePull,Receiver,Sender,Me2MePush,Receiver,,,,,,,,,,
Bank Ekaterinburg,Банк Екатеринбург,100000000090,046577904,C2BQRD,Receiver,Sender,C2BQRS,Receiver,Sender,C2BMcom,Sender,C2BRfnd,Receiver,Sender,C2CPush,Receiver,Sender,B2COther,Receiver,Sender,Me2MePull,Receiver,Sender,Me2MePush,Receiver,,,,,,,,,,
BANK ROSSIYA,АБ РОССИЯ,100000000095,044030861,C2BQRD,Receiver,Sender,C2BQRS,Receiver,Sender,C2BMcom,Sender,C2BRfnd,Receiver,Sender,C2CPush,Receiver,Sender,B2COther,Receiver,Sender,SbscrLnk,Sender,,Me2MePull,Receiver,Sender,Me2MePush,Receiver,,,,,,,
Chelyabinvestbank,ЧЕЛЯБИНВЕСТБАНК,100000000094,047501779,C2BQRD,Receiver,Sender,C2BQRS,Receiver,Sender,C2BMcom,Sender,C2BRfnd,Receiver,Sender,C2CPush,Receiver,Sender,B2COther,Receiver,Sender,Me2MePull,Receiver,Sender,Me2MePush,Receiver,,,,,,,,,,
Coalmetbank,Углеметбанк,100000000093,047501787,C2BQRD,Receiver,Sender,C2BQRS,Receiver,Sender,C2BMcom,Sender,C2BRfnd,Receiver,Sender,C2CPush,Receiver,Sender,B2COther,Receiver,Sender,SbscrLnk,Receiver,Sender,Me2MePull,Receiver,Sender,Me2MePush,Receiver,,,,,,,
BystroBank,БыстроБанк,100000000092,049401814,C2BQRD,Receiver,Sender,C2BQRS,Receiver,Sender,C2BRfnd,Receiver,C2CPush,Receiver,Sender,B2COther,Receiver,Sender,SbscrLnk,Receiver,Sender,Me2MePull,Receiver,Sender,Me2MePush,Receiver,,,,Sender,,,,,,
CB Modulbank,КБ Модульбанк,100000000099,043469751,C2BQRD,Receiver,Sender,C2BQRS,Receiver,Sender,C2BMcom,Sender,C2BRfnd,Receiver,Sender,C2CPush,Receiver,Sender,B2COther,Receiver,Sender,SbscrLnk,Receiver,,Me2MePull,Receiver,Sender,Me2MePush,Receiver,,,,,,,
COMMERCIAL BANK ROSTFINANCE,КБ  РостФинанс,100000000098,046015052,C2BQRD,Receiver,Sender,C2BQRS,Receiver,Sender,C2BMcom,Sender,C2BRfnd,Receiver,Sender,C2CPush,Receiver,Sender,B2COther,Receiver,Sender,SbscrLnk,Receiver,Sender,Me2MePull,Receiver,Sender,Me2MePush,Receiver,,,,,,,
Uralfinance,Банк Уралфинанс,100000000096,046577993,C2BQRD,Receiver,Sender,C2BQRS,Receiver,Sender,C2BMcom,Sender,C2BRfnd,Receiver,Sender,C2CPush,Receiver,Sender,B2COther,Receiver,Sender,Me2MePush,Receiver,,,,,,,,,,,,,
Bank FC Otkritie,Банк ФК Открытие,100000000015,044525985,C2BQRD,Receiver,Sender,C2BQRS,Receiver,Sender,C2BMcom,Sender,C2BRfnd,Receiver,Sender,C2CPush,Receiver,Sender,B2COther,Receiver,Sender,Me2MePull,Receiver,Sender,Me2MePush,Receiver,,,,,,,,,,
METKOMBANK,МЕТКОМБАНК,100000000136,046577881,C2BQRD,Receiver,Sender,C2BQRS,Receiver,Sender,C2BMcom,Sender,C2BRfnd,Receiver,Sender,C2CPush,Receiver,Sender,B2COther,Receiver,Sender,SbscrLnk,Sender,,Me2MePull,Receiver,Sender,Me2MePush,Receiver,,,,,,,
Bank Vologzhanin,Банк Вологжанин,100000000257,041909760,C2BQRD,Receiver,Sender,C2BQRS,Receiver,Sender,C2BRfnd,Receiver,C2CPush,Receiver,Sender,B2COther,Receiver,Sender,Me2MePush,Receiver,,,,,,,,,,Sender,,,,,,
Russian Standard Bank,Банк Русский Стандарт,100000000014,044525151,C2BQRD,Receiver,Sender,C2BQRS,Receiver,Sender,C2BMcom,Sender,C2BRfnd,Receiver,Sender,C2CPush,Receiver,Sender,B2COther,Receiver,Sender,SbscrLnk,Receiver,Sender,Me2MePull,Receiver,Sender,Me2MePush,Receiver,,,,,,,
Bank Akcept,Банк Акцепт,100000000135,045004815,C2BQRD,Receiver,Sender,C2BQRS,Receiver,Sender,C2BMcom,Sender,C2BRfnd,Receiver,Sender,C2CPush,Receiver,Sender,B2COther,Receiver,Sender,SbscrLnk,Receiver,Sender,Me2MePull,Receiver,Sender,Me2MePush,Receiver,,,,,,,
Baikalcredobank,Байкалкредобанк,100000000256,042520872,C2CPush,Receiver,Sender,Me2MePush,Receiver,,,,,,,,,,,,,,,,,,,,,,,,,,,
Sovcombank,Совкомбанк,100000000013,043469743,C2BQRD,Receiver,Sender,C2BQRS,Receiver,Sender,C2BMcom,Sender,C2BRfnd,Receiver,Sender,C2CPush,Receiver,Sender,B2COther,Receiver,Sender,SbscrLnk,Receiver,Sender,Me2MePull,Receiver,Sender,Me2MePush,Receiver,,Sender,,,,,
NBD-Bank,НБД-Банк,100000000134,042202705,C2BQRD,Receiver,Sender,C2BQRS,Receiver,Sender,C2BMcom,Sender,C2BRfnd,Receiver,Sender,C2CPush,Receiver,Sender,B2COther,Receiver,Sender,SbscrLnk,Sender,,Me2MePull,Receiver,Sender,Me2MePush,Receiver,,,,,,,
Bank PTB,Банк ПТБ,100000000255,048073846,C2CPush,Receiver,Sender,Me2MePush,Receiver,,,,,,,,,,,,,,,,,,,,,,,,,,,
Rosbank,Росбанк,100000000012,044525256,C2BQRD,Receiver,Sender,C2BQRS,Receiver,Sender,C2BMcom,Sender,C2BRfnd,Receiver,Sender,C2CPush,Receiver,Sender,B2COther,Receiver,Sender,SbscrLnk,Sender,,Me2MePull,Receiver,Sender,Me2MePush,Receiver,,Sender,,,,,
BBR Bank,ББР Банк,100000000133,044525769,C2BQRD,Receiver,Sender,C2BQRS,Receiver,Sender,C2BMcom,Sender,C2BRfnd,Receiver,Sender,C2CPush,Receiver,Sender,B2COther,Receiver,Sender,SbscrLnk,Sender,,Me2MePull,Receiver,Sender,Me2MePush,Receiver,,,,,,,
CB ENERGOTRANSBANK,КБ ЭНЕРГОТРАНСБАНК,100000000139,042748701,C2BQRD,Receiver,Sender,C2BQRS,Receiver,Sender,C2BMcom,Sender,C2BRfnd,Receiver,Sender,C2CPush,Receiver,Sender,B2COther,Receiver,Sender,SbscrLnk,Receiver,Sender,Me2MePull,Receiver,Sender,Me2MePush,Receiver,,,,,,,
OTP Bank,ОТП Банк,100000000018,044525311,C2BQRD,Receiver,Sender,C2BQRS,Receiver,Sender,C2BMcom,Sender,C2BRfnd,Receiver,Sender,C2CPush,Receiver,Sender,B2COther,Receiver,Sender,Me2MePull,Receiver,Sender,Me2MePush,Receiver,,,,,,,,,,
MTS Bank,МТС-Банк,100000000017,044525232,C2BQRD,Receiver,Sender,C2BQRS,Receiver,Sender,C2BMcom,Sender,C2BRfnd,Receiver,Sender,C2CPush,Receiver,Sender,B2COther,Receiver,Sender,SbscrLnk,Receiver,Sender,Me2MePull,Receiver,Sender,Me2MePush,Receiver,,,,,,,
Toyota Bank,Тойота Банк,100000000138,044525630,C2BQRD,Receiver,Sender,C2BQRS,Receiver,,C2BMcom,Sender,C2BRfnd,Receiver,Sender,C2CPush,Receiver,Sender,B2COther,Receiver,Sender,SbscrLnk,Sender,,Me2MePull,Receiver,Sender,Me2MePush,Receiver,,,,,,,
Wildberries Bank,Wildberries (Вайлдберриз Банк),100000000259,044525450,C2CPush,Sender,,B2COther,Sender,,Me2MePull,Sender,,,,,,,,,,,,,,,,,,,,,,,,
Post Bank,Почта Банк,100000000016,044525214,C2BQRD,Receiver,Sender,C2BQRS,Receiver,Sender,C2BMcom,Sender,C2BRfnd,Receiver,Sender,C2CPush,Receiver,Sender,B2COther,Receiver,,SbscrLnk,Receiver,Sender,Me2MePull,Receiver,Sender,Me2MePush,Receiver,,,,,,,
ENISEISK UNITED BANK,АИКБ Енисейский объединенный банк,100000000258,040407523,C2BQRD,Receiver,Sender,C2BQRS,Receiver,Sender,C2BMcom,Sender,C2BRfnd,Receiver,Sender,C2CPush,Receiver,Sender,B2COther,Receiver,Sender,Me2MePush,Receiver,,,,,,,,,,,,,
First DorTransBank,Первый Дортрансбанк,100000000137,043304757,C2CPush,Receiver,Sender,Me2MePush,Receiver,,,,,,,,,,,,,,,,,,,,,,,,,,,
HFB,Банк БЖФ,100000000260,044525464,C2BQRD,Receiver,Sender,C2BQRS,Receiver,Sender,C2BMcom,Sender,C2BRfnd,Receiver,Sender,C2CPush,Receiver,Sender,B2COther,Receiver,Sender,Me2MePull,Receiver,Sender,Me2MePush,Receiver,,,,,,,,,,
YooMoney,ЮМани,100000000022,044525444,C2BQRD,Receiver,Sender,C2BQRS,Receiver,Sender,C2BMcom,Sender,C2BRfnd,Receiver,Sender,C2CPush,Receiver,Sender,B2COther,Receiver,Sender,SbscrLnk,Receiver,,Me2MePull,Receiver,Sender,Me2MePush,Receiver,,,,,,,
Bank 131,Банк 131,100000000143,049205131,C2BQRD,Receiver,,C2BRfnd,Sender,,B2COther,Sender,,,,,,,,,,,,,,,,,,,,,,,,
URALPROMBANK,УРАЛПРОМБАНК,100000000142,047501906,C2BQRD,Receiver,Sender,C2BQRS,Receiver,Sender,C2BMcom,Sender,C2BRfnd,Receiver,Sender,C2CPush,Receiver,Sender,B2COther,Receiver,Sender,SbscrLnk,Receiver,Sender,Me2MePull,Receiver,Sender,Me2MePush,Receiver,,,,,,,
Royal Credit Bank,Роял Кредит Банк,100000000263,040507750,C2CPush,Receiver,Sender,Me2MePull,Receiver,Sender,Me2MePush,Receiver,,,,,,,,,,,,,,,,,,,,,,,,
Russian Agricultural Bank,Россельхозбанк,100000000020,044525111,C2BQRD,Receiver,Sender,C2BQRS,Receiver,Sender,C2BMcom,Sender,C2BRfnd,Receiver,Sender,C2CPush,Receiver,Sender,B2COther,Receiver,Sender,SbscrLnk,Sender,,Me2MePull,Receiver,Sender,Me2MePush,Receiver,,,,,,,
MB Bank,МБ Банк,100000000140,044525184,C2BQRD,Receiver,Sender,C2BQRS,Receiver,Sender,C2BMcom,Sender,C2BRfnd,Receiver,Sender,C2CPush,Receiver,Sender,B2COther,Receiver,Sender,SbscrLnk,Receiver,Sender,Me2MePull,Receiver,Sender,Me2MePush,Receiver,,,,,,,
Perspektiva,НКО Перспектива,100000000261,045209885,C2BQRD,Receiver,,C2BQRS,Receiver,,C2BRfnd,Sender,,,,,,,,,,,,,,,,,,,,,,,,
BANK URALSIB,БАНК УРАЛСИБ,100000000026,044525787,C2BQRD,Receiver,Sender,C2BQRS,Receiver,Sender,C2BMcom,Sender,C2BRfnd,Receiver,Sender,C2CPush,Receiver,Sender,B2COther,Receiver,Sender,SbscrLnk,Sender,,Me2MePull,Receiver,Sender,Me2MePush,Receiver,,,,,,,
MKB (Credit Bank of Moscow),МКБ (Московский кредитный банк),100000000025,044525659,C2BQRD,Receiver,Sender,C2BQRS,Receiver,Sender,C2BMcom,Sender,C2BRfnd,Receiver,Sender,C2CPush,Receiver,Sender,B2COther,Receiver,Sender,SbscrLnk,Receiver,Sender,Me2MePull,Receiver,Sender,Me2MePush,Receiver,,,,,,,
KOSHELEV-BANK,КОШЕЛЕВ-БАНК,100000000146,043601742,C2BQRD,Receiver,Sender,C2BQRS,Receiver,Sender,C2BMcom,Sender,C2BRfnd,Receiver,Sender,C2CPush,Receiver,Sender,B2COther,Receiver,Sender,SbscrLnk,Receiver,Sender,Me2MePull,Receiver,Sender,Me2MePush,Receiver,,,,,,,
Home Credit Bank,Хоум Кредит Банк,100000000024,044525245,C2BQRD,Receiver,Sender,C2BQRS,Receiver,Sender,C2BMcom,Sender,C2BRfnd,Receiver,Sender,C2CPush,Receiver,Sender,B2COther,Receiver,Sender,Me2MePull,Receiver,Sender,Me2MePush,Receiver,,,,,,,,,,
BANK ELITA,банк Элита,100000000266,042908762,C2CPush,Receiver,Sender,Me2MePull,Receiver,Sender,Me2MePush,Receiver,,,,,,,,,,,,,,,,,,,,,,,,
Timer Bank,Тимер Банк,100000000144,044525567,C2BQRD,Receiver,Sender,C2BQRS,Receiver,Sender,C2BMcom,Sender,C2BRfnd,Receiver,Sender,C2CPush,Receiver,Sender,B2COther,Receiver,Sender,SbscrLnk,Receiver,Sender,Me2MePull,Receiver,Sender,Me2MePush,Receiver,,,,,,,
FFIN Bank LLC,ФФИН Банк (Цифра банк),100000000265,044525900,C2CPush,Receiver,Sender,Me2MePush,Receiver,,,,,,,,,,,,,,,,,,,,,,,,,,,
Bank Saint-Petersburg,Банк Санкт-Петербург,100000000029,044030790,C2BQRD,Receiver,Sender,C2BQRS,Receiver,Sender,C2BMcom,Sender,C2BRfnd,Receiver,Sender,C2CPush,Receiver,Sender,B2COther,Receiver,Sender,Me2MePull,Receiver,Sender,Me2MePush,Receiver,,,,,,,,,,
Bank AVANGARD,Банк АВАНГАРД,100000000028,044525201,C2BQRD,Receiver,Sender,C2BQRS,Receiver,Sender,C2BMcom,Sender,C2BRfnd,Receiver,Sender,C2CPush,Receiver,Sender,B2COther,Receiver,Sender,SbscrLnk,Receiver,Sender,Me2MePull,Receiver,Sender,Me2MePush,Receiver,,,,,,,
GUTA-BANK,ГУТА-БАНК,100000000149,044525911,C2BQRD,Receiver,Sender,C2BQRS,Receiver,Sender,C2BMcom,Sender,C2BRfnd,Receiver,Sender,C2CPush,Receiver,Sender,B2COther,Receiver,Sender,Me2MePull,Receiver,Sender,Me2MePush,Receiver,,,,,,,,,,
Credit Europe Bank (Russia),Кредит Европа Банк (Россия),100000000027,044525767,C2BQRD,Receiver,Sender,C2BQRS,Receiver,Sender,C2BMcom,Sender,C2BRfnd,Receiver,Sender,C2CPush,Receiver,Sender,B2COther,Receiver,Sender,Me2MePull,Receiver,Sender,Me2MePush,Receiver,,,,,,,,,,
SINKO-BANK,СИНКО-БАНК,100000000148,044525346,C2BQRD,Receiver,Sender,C2BQRS,Receiver,Sender,C2BMcom,Sender,C2BRfnd,Receiver,Sender,C2CPush,Receiver,Sender,B2COther,Receiver,Sender,SbscrLnk,Receiver,Sender,Me2MePull,Receiver,Sender,Me2MePush,Receiver,,,,,,,
Bank CHBDR,Банк ЧБРР,100000000269,043510101,C2CPush,Receiver,Sender,Me2MePush,Receiver,,,,,,,,,,,,,,,,,,,,,,,,,,,
Yandex Bank,Яндекс Банк,100000000150,044525677,C2BQRD,Receiver,Sender,C2BQRS,Receiver,Sender,C2BMcom,Sender,C2BRfnd,Receiver,Sender,C2CPush,Receiver,Sender,B2COther,Receiver,Sender,SbscrLnk,Receiver,Sender,Me2MePull,Receiver,Sender,Me2MePush,Receiver,,,,,,,
Mobile card,Кошелек ЦУПИС (Мобильная карта),100000000271,044030303,C2BQRD,Receiver,,C2BQRS,Receiver,,C2BRfnd,Sender,C2CPush,Receiver,Sender,B2COther,Sender,,Me2MePush,Receiver,Sender,,,,,,,,,,,,,,,
Dolinsk,КБ Долинск,100000000270,046401727,C2BQRD,Receiver,Sender,C2BQRS,Receiver,Sender,C2BMcom,Sender,C2BRfnd,Receiver,Sender,C2CPush,Receiver,Sender,B2COther,Receiver,Sender,SbscrLnk,Receiver,Sender,Me2MePull,Receiver,Sender,Me2MePush,Receiver,,,,,,,
Bank Avers,Банк Аверс,100000000154,049205774,C2BQRD,Receiver,Sender,C2BQRS,Receiver,Sender,C2BMcom,Sender,C2BRfnd,Receiver,Sender,C2CPush,Receiver,Sender,B2COther,Receiver,Sender,SbscrLnk,Sender,,Me2MePull,Receiver,Sender,Me2MePush,Receiver,,,,,,,
ELEKSIR NCO,НКО ЭЛЕКСИР,100000000275,044525054,C2BQRD,Receiver,,C2BQRS,Receiver,,C2BRfnd,Sender,,,,,,,,,,,,,,,,,,,,,,,,
Bank VENETS,Банк Венец,100000000153,047308813,C2BQRD,Receiver,Sender,C2BQRS,Receiver,Sender,C2BMcom,Sender,C2BRfnd,Receiver,Sender,C2CPush,Receiver,Sender,B2COther,Receiver,Sender,SbscrLnk,Receiver,Sender,Me2MePull,Receiver,Sender,Me2MePush,Receiver,,,,,,,
Renaissance Credit,Ренессанс Кредит,100000000032,044525135,C2BQRD,Receiver,Sender,C2BQRS,Receiver,Sender,C2BMcom,Sender,C2BRfnd,Receiver,Sender,C2CPush,Receiver,Sender,B2COther,Receiver,Sender,SbscrLnk,Sender,,Me2MePull,Receiver,Sender,Me2MePush,Receiver,,,,,,,
UBRR,УБРиР,100000000031,046577795,C2BQRD,Receiver,Sender,C2BQRS,Receiver,Sender,C2BMcom,Sender,C2BRfnd,Receiver,Sender,C2CPush,Receiver,Sender,B2COther,Receiver,Sender,Me2MePull,Receiver,Sender,Me2MePush,Receiver,,,,,,,,,,
Togliattikhimbank,Тольяттихимбанк,100000000152,043678838,C2BQRD,Receiver,Sender,C2BQRS,Receiver,Sender,C2BMcom,Sender,C2BRfnd,Receiver,Sender,C2CPush,Receiver,Sender,B2COther,Receiver,Sender,SbscrLnk,Receiver,Sender,Me2MePull,Receiver,Sender,Me2MePush,Receiver,,,,,,,
Ozon Bank (Ozon),Озон Банк (Ozon),100000000273,044525068,C2CPush,Receiver,Sender,Me2MePull,Receiver,Sender,Me2MePush,Receiver,,,,,,,,,,,,,,,,,,,,,,,,
UniCredit Bank,ЮниКредит Банк,100000000030,044525545,C2BQRD,Receiver,Sender,C2BQRS,Receiver,Sender,C2BMcom,Sender,C2BRfnd,Receiver,Sender,C2CPush,Receiver,Sender,B2COther,Receiver,Sender,SbscrLnk,Receiver,Sender,Me2MePull,Receiver,Sender,Me2MePush,Receiver,,,,,,,
UralFD,Урал ФД,100000000151,045773790,C2BQRD,Receiver,Sender,C2BQRS,Receiver,Sender,C2BMcom,Sender,C2BRfnd,Receiver,Sender,C2CPush,Receiver,Sender,B2COther,Receiver,Sender,SbscrLnk,Receiver,Sender,Me2MePull,Receiver,Sender,Me2MePush,Receiver,,,,,,,
Hice,Хайс,100000000272,045004864,C2BQRD,Receiver,Sender,C2BQRS,Receiver,Sender,C2BMcom,Sender,C2BRfnd,Receiver,Sender,C2CPush,Receiver,Sender,B2COther,Receiver,,SbscrLnk,Sender,,Me2MePull,Receiver,Sender,Me2MePush,Receiver,,,C2CIntPush,Receiver,Sender,,
GENBANK,ГЕНБАНК,100000000037,043510123,C2BQRD,Receiver,Sender,C2BQRS,Receiver,Sender,C2BMcom,Sender,C2BRfnd,Receiver,Sender,C2CPush,Receiver,Sender,B2COther,Receiver,Sender,Me2MePull,Receiver,Sender,Me2MePush,Receiver,,,,,,,,,,
BANK ITURUP,Банк ИТУРУП,100000000158,046401772,C2BQRD,Receiver,Sender,C2BQRS,Receiver,Sender,C2BMcom,Sender,C2BRfnd,Receiver,Sender,C2CPush,Receiver,Sender,B2COther,Receiver,Sender,SbscrLnk,Receiver,Sender,Me2MePull,Receiver,Sender,Me2MePush,Receiver,,,,,,,
SMP Bank,СМП Банк,100000000036,044525503,C2BQRD,Receiver,Sender,C2BQRS,Receiver,Sender,C2BMcom,Sender,C2BRfnd,Receiver,Sender,C2CPush,Receiver,Sender,B2COther,Receiver,,SbscrLnk,Sender,,Me2MePull,Receiver,Sender,Me2MePush,Receiver,,,,,,,
Bank SIAB,Банк СИАБ,100000000278,044030757,C2BQRD,Receiver,Sender,C2BQRS,Receiver,Sender,C2BMcom,Sender,C2BRfnd,Receiver,Sender,C2CPush,Receiver,Sender,B2COther,Receiver,Sender,Me2MePull,Receiver,Sender,Me2MePush,Receiver,,,,,,,,,,
TKB,ТРАНСКАПИТАЛБАНК,100000000034,044525388,C2BQRD,Receiver,Sender,C2BQRS,Receiver,Sender,C2BMcom,Sender,C2BRfnd,Receiver,Sender,C2CPush,Receiver,Sender,B2COther,Receiver,Sender,Me2MePull,Receiver,Sender,Me2MePush,Receiver,,,,,,,,,,
Altaykapitalbank,Алтайкапиталбанк,100000000276,040173771,C2BQRD,Receiver,,C2BQRS,Receiver,,C2BRfnd,Sender,B2COther,Sender,,,,,,,,,,,,,,,,,,,,,,
Energobank,Энергобанк,100000000159,049205770,C2BQRD,Receiver,Sender,C2BQRS,Receiver,Sender,C2BMcom,Sender,C2BRfnd,Receiver,Sender,C2CPush,Receiver,Sender,B2COther,Receiver,Sender,SbscrLnk,Sender,,Me2MePull,Receiver,Sender,Me2MePush,Receiver,,,,,,,
FINAM Bank,Банк ФИНАМ,100000000040,044525604,C2BQRD,Receiver,Sender,C2BQRS,Receiver,Sender,C2BRfnd,Receiver,C2CPush,Receiver,Sender,B2COther,Receiver,Sender,SbscrLnk,Sender,,Me2MePull,Receiver,Sender,Me2MePush,Receiver,,,,Sender,,,,,,
LOCKO-Bank,КБ ЛОКО-Банк,100000000161,044525161,C2BQRD,Receiver,Sender,C2BQRS,Receiver,Sender,C2BMcom,Sender,C2BRfnd,Receiver,Sender,C2CPush,Receiver,Sender,B2COther,Receiver,Sender,SbscrLnk,Receiver,Sender,Me2MePull,Receiver,Sender,Me2MePush,Receiver,,,,,,,
Yug-Investbank,ЮГ-Инвестбанк,100000000160,040349966,C2BQRD,Receiver,Sender,C2BQRS,Receiver,Sender,C2BMcom,Sender,C2BRfnd,Receiver,Sender,C2CPush,Receiver,Sender,B2COther,Receiver,Sender,Me2MePull,Receiver,Sender,Me2MePush,Receiver,,,,,,,,,,
Expobank,Экспобанк,100000000044,044525460,C2BQRD,Receiver,Sender,C2BQRS,Receiver,Sender,C2BMcom,Sender,C2BRfnd,Receiver,Sender,C2CPush,Receiver,Sender,B2COther,Receiver,Sender,SbscrLnk,Receiver,Sender,Me2MePull,Receiver,Sender,Me2MePush,Receiver,,,,,,,
Russian Universal Bank,Русьуниверсалбанк,100000000165,044525674,C2BQRD,Receiver,Sender,C2BQRS,Receiver,Sender,C2BMcom,Sender,C2BRfnd,Receiver,Sender,C2CPush,Receiver,Sender,B2COther,Receiver,Sender,SbscrLnk,Receiver,Sender,Me2MePull,Receiver,Sender,Me2MePush,Receiver,,,,,,,
Gazenergobank,Газэнергобанк,100000000043,042908701,C2BQRD,Receiver,Sender,C2BQRS,Receiver,Sender,C2BMcom,Sender,C2BRfnd,Receiver,Sender,C2CPush,Receiver,Sender,B2COther,Receiver,,Me2MePull,Receiver,Sender,Me2MePush,Receiver,Sender,,,,,,,,,
KEB HNB RUS,КЭБ БАНК РУС,100000000164,044525808,C2BQRD,Receiver,,C2BRfnd,Sender,,B2COther,Sender,,,,,,,,,,,,,,,,,,,,,,,,
Bank Snezhinskiy,Банк Снежинский,100000000163,047501799,C2BQRD,Receiver,Sender,C2BQRS,Receiver,Sender,C2BMcom,Sender,C2BRfnd,Receiver,Sender,C2CPush,Receiver,Sender,B2COther,Receiver,Sender,SbscrLnk,Sender,,Me2MePull,Receiver,Sender,Me2MePush,Receiver,,,,,,,
UNISTREAM BANK,ЮНИСТРИМ БАНК,100000000042,044525550,C2BQRD,Receiver,Sender,C2BQRS,Receiver,Sender,C2BMcom,Sender,C2BRfnd,Receiver,Sender,C2CPush,Receiver,Sender,B2COther,Receiver,Sender,SbscrLnk,Receiver,Sender,Me2MePull,Receiver,Sender,Me2MePush,Receiver,,,,,,,
Tochka Bank,Точка Банк,100000000284,044525104,C2BQRD,Receiver,Sender,C2BQRS,Receiver,Sender,C2BRfnd,Receiver,C2CPush,Receiver,Sender,B2COther,Receiver,Sender,Me2MePush,Receiver,Sender,,,,,,,,,Sender,,,,,,
BCS Bank,БКС Банк,100000000041,044525099,C2BQRD,Receiver,Sender,C2BQRS,Receiver,Sender,C2BMcom,Sender,C2BRfnd,Receiver,Sender,C2CPush,Receiver,Sender,B2COther,Receiver,Sender,SbscrLnk,Receiver,Sender,Me2MePull,Receiver,Sender,Me2MePush,Receiver,,,,,,,
World of Privilege Bank (MP Bank),Мир Привилегий (МП Банк),100000000169,044525247,C2BQRD,Receiver,Sender,C2BQRS,Receiver,Sender,C2BMcom,Sender,C2BRfnd,Receiver,Sender,C2CPush,Receiver,Sender,B2COther,Receiver,Sender,Me2MePull,Receiver,Sender,Me2MePush,Receiver,,,,,,,,,,
Absolut Bank,Абсолют Банк,100000000047,044525976,C2BQRD,Receiver,Sender,C2BQRS,Receiver,Sender,C2BMcom,Sender,C2BRfnd,Receiver,Sender,C2CPush,Receiver,Sender,B2COther,Receiver,Sender,SbscrLnk,Receiver,Sender,Me2MePull,Receiver,Sender,Me2MePush,Receiver,,,,,,,
Metallinvestbank,Металлинвестбанк,100000000046,044525176,C2BQRD,Receiver,Sender,C2BQRS,Receiver,Sender,C2BRfnd,Receiver,C2CPush,Receiver,Sender,B2COther,Receiver,Sender,Me2MePull,Receiver,Sender,Me2MePush,Receiver,,,,,,,Sender,,,,,,
Evrofinance Mosnarbank,АКБ ЕВРОФИНАНС МОСНАРБАНК,100000000167,044525204,C2BQRD,Receiver,Sender,C2BQRS,Receiver,Sender,C2BMcom,Sender,C2BRfnd,Receiver,Sender,C2CPush,Receiver,Sender,B2COther,Receiver,Sender,Me2MePull,Receiver,Sender,Me2MePush,Receiver,,,,,,,,,,
Bank ZENIT,Банк ЗЕНИТ,100000000045,044525272,C2BQRD,Receiver,Sender,C2BQRS,Receiver,Sender,C2BMcom,Sender,C2BRfnd,Receiver,Sender,C2CPush,Receiver,Sender,B2COther,Receiver,Sender,SbscrLnk,Receiver,Sender,Me2MePull,Receiver,Sender,Me2MePush,Receiver,,,,,,,
SIBSOCBANK,СИБСОЦБАНК,100000000166,040173745,C2BQRD,Receiver,Sender,C2BQRS,Receiver,Sender,C2BMcom,Sender,C2BRfnd,Receiver,Sender,C2CPush,Receiver,Sender,B2COther,Receiver,Sender,SbscrLnk,Receiver,Sender,Me2MePull,Receiver,Sender,Me2MePush,Receiver,,,,,,,
Bank VBRR,Банк ВБРР,100000000049,044525880,C2BQRD,Receiver,Sender,C2BQRS,Receiver,Sender,C2BMcom,Sender,C2BRfnd,Receiver,Sender,C2CPush,Receiver,Sender,B2COther,Receiver,Sender,SbscrLnk,Receiver,Sender,Me2MePull,Receiver,Sender,Me2MePush,Receiver,,,,,,,
DEVELOPMENT CAPITAL BANK,Банк Развитие-Столица,100000000172,044525984,C2BQRD,Receiver,Sender,C2BQRS,Receiver,Sender,C2BMcom,Sender,C2BRfnd,Receiver,Sender,C2CPush,Receiver,Sender,B2COther,Receiver,Sender,SbscrLnk,Receiver,Sender,Me2MePull,Receiver,Sender,Me2MePush,Receiver,,,,,,,
Kuban Credit,Кубань Кредит,100000000050,040349722,C2BQRD,Receiver,Sender,C2BQRS,Receiver,Sender,C2BMcom,Sender,C2BRfnd,Receiver,Sender,C2CPush,Receiver,Sender,B2COther,Receiver,Sender,SbscrLnk,Receiver,Sender,Me2MePull,Receiver,Sender,Me2MePush,Receiver,,,,,,,
MARITIME BANK,МОРСКОЙ БАНК,100000000171,044525095,C2BQRD,Receiver,Sender,C2BQRS,Receiver,Sender,C2BMcom,Sender,C2BRfnd,Receiver,Sender,C2CPush,Receiver,Sender,B2COther,Receiver,Sender,SbscrLnk,Receiver,Sender,Me2MePull,Receiver,Sender,Me2MePush,Receiver,,,,,,,
Banca Intesa,Банк Интеза,100000000170,044525922,C2BQRD,Receiver,Sender,C2BQRS,Receiver,Sender,C2BMcom,Sender,C2BRfnd,Receiver,Sender,C2CPush,Receiver,Sender,B2COther,Receiver,Sender,SbscrLnk,Receiver,Sender,Me2MePull,Receiver,Sender,Me2MePush,Receiver,,,,,,,
MOSCOMBANK,МОСКОМБАНК,100000000176,044525476,C2BQRD,Receiver,Sender,C2BQRS,Receiver,Sender,C2BMcom,Sender,C2BRfnd,Receiver,Sender,C2CPush,Receiver,Sender,B2COther,Receiver,Sender,Me2MePull,Receiver,Sender,Me2MePush,Receiver,,,,,,,,,,
Bank Yoshkar-Ola,Банк Йошкар-Ола,100000000055,048860889,C2CPush,Receiver,Sender,Me2MePush,Receiver,,,,,,,,,,,,,,,,,,,,,,,,,,,
JSCB TENDER BANK,АКБ Тендер Банк,100000000175,044525131,C2BQRD,Receiver,Sender,C2BQRS,Receiver,Sender,C2BMcom,Sender,C2BRfnd,Receiver,Sender,C2CPush,Receiver,Sender,B2COther,Receiver,Sender,SbscrLnk,Sender,,Me2MePull,Receiver,Sender,Me2MePush,Receiver,,,,,,,
Blanc bank,Бланк банк,100000000053,044525801,C2BQRD,Receiver,Sender,C2BQRS,Receiver,Sender,C2BMcom,Sender,C2BRfnd,Receiver,Sender,C2CPush,Receiver,Sender,Me2MePull,Receiver,Sender,Me2MePush,Receiver,,,,,,,,,,,,,
Finbank,Первый Инвестиционный Банк,100000000174,044525408,C2BQRD,Receiver,Sender,C2BQRS,Receiver,Sender,C2BMcom,Sender,C2BRfnd,Receiver,Sender,C2CPush,Receiver,Sender,B2COther,Receiver,Sender,SbscrLnk,Receiver,Sender,Me2MePull,Receiver,Sender,Me2MePush,Receiver,,,,,,,
Bank Levoberezhniy,Банк Левобережный,100000000052,045004850,C2BQRD,Receiver,Sender,C2BQRS,Receiver,Sender,C2BMcom,Sender,C2BRfnd,Receiver,Sender,C2CPush,Receiver,Sender,B2COther,Receiver,Sender,SbscrLnk,Receiver,Sender,Me2MePull,Receiver,Sender,Me2MePush,Receiver,,,,,,,
Tavrichesky Bank,Таврический Банк,100000000173,044030877,C2BQRD,Receiver,Sender,C2BQRS,Receiver,Sender,C2BMcom,Sender,C2BRfnd,Receiver,Sender,C2CPush,Receiver,Sender,B2COther,Receiver,Sender,SbscrLnk,Receiver,Sender,Me2MePull,Receiver,Sender,Me2MePush,Receiver,,,,,,,
"J&T Bank, a.o.",Джей энд Ти Банк (АО),100000000213,044525588,C2BQRD,Receiver,Sender,C2BQRS,Receiver,Sender,C2BMcom,Sender,C2BRfnd,Receiver,Sender,C2CPush,Receiver,Sender,B2COther,Receiver,Sender,SbscrLnk,Receiver,Sender,Me2MePull,Receiver,Sender,Me2MePush,Receiver,,,,,,,
Crocus Bank,КБ Крокус Банк,100000000212,044525881,C2BQRD,Receiver,Sender,C2BQRS,Receiver,Sender,C2BMcom,Sender,C2BRfnd,Receiver,Sender,C2CPush,Receiver,Sender,B2COther,Receiver,Sender,SbscrLnk,Receiver,Sender,Me2MePull,Receiver,Sender,Me2MePush,Receiver,,,,,,,
Bank ALEKSANDROVSKY,Банк АЛЕКСАНДРОВСКИЙ,100000000211,044030755,C2BQRD,Receiver,Sender,C2BQRS,Receiver,Sender,C2BMcom,Sender,C2BRfnd,Receiver,Sender,C2CPush,Receiver,Sender,B2COther,Receiver,Sender,SbscrLnk,Receiver,Sender,Me2MePull,Receiver,Sender,Me2MePush,Receiver,,,,,,,
FORA-BANK,ФОРА-БАНК,100000000217,044525341,C2BQRD,Receiver,Sender,C2BQRS,Receiver,Sender,C2BMcom,Sender,C2BRfnd,Receiver,Sender,C2CPush,Receiver,Sender,B2COther,Receiver,Sender,Me2MePull,Receiver,Sender,Me2MePush,Receiver,,,,,,,,,,
Bank Finservice,Банк Финсервис,100000000216,044525079,C2BQRD,Receiver,Sender,C2BQRS,Receiver,Sender,C2BMcom,Sender,C2BRfnd,Receiver,Sender,C2CPush,Receiver,Sender,B2COther,Receiver,Sender,Me2MePull,Receiver,Sender,Me2MePush,Receiver,,,,,,,,,,
VUZ-bank,ВУЗ-банк,100000000215,046577781,C2BQRD,Receiver,Sender,C2BQRS,Receiver,Sender,C2BMcom,Sender,C2BRfnd,Receiver,Sender,C2CPush,Receiver,Sender,B2COther,Receiver,Sender,Me2MePull,Receiver,Sender,Me2MePush,Receiver,,,,,,,,,,
BANK SGB,БАНК СГБ,100000000219,041909786,C2BQRD,Receiver,Sender,C2BQRS,Receiver,Sender,C2BMcom,Sender,C2BRfnd,Receiver,Sender,C2CPush,Receiver,Sender,B2COther,Receiver,Sender,SbscrLnk,Receiver,Sender,Me2MePull,Receiver,Sender,Me2MePush,Receiver,,,,,,,
CB Poidem,КБ Пойдём,100000000103,044525732,C2BQRD,Sender,,C2BQRS,Sender,,C2BMcom,Sender,C2BRfnd,Receiver,,C2CPush,Receiver,Sender,B2COther,Receiver,,SbscrLnk,Sender,,Me2MePull,Receiver,Sender,Me2MePush,Receiver,,,,,,,
Bank Agroros,Банк Агророс,100000000102,046311772,C2BQRD,Receiver,Sender,C2BQRS,Receiver,Sender,C2BMcom,Sender,C2BRfnd,Receiver,Sender,C2CPush,Receiver,Sender,B2COther,Receiver,Sender,SbscrLnk,Receiver,Sender,Me2MePull,Receiver,Sender,Me2MePush,Receiver,,,,,,,
SOCIUM BANK,СОЦИУМ БАНК,100000000223,044525409,C2BQRD,Receiver,Sender,C2BQRS,Receiver,Sender,C2BMcom,Sender,C2BRfnd,Receiver,Sender,C2CPush,Receiver,Sender,B2COther,Receiver,Sender,SbscrLnk,Receiver,Sender,Me2MePull,Receiver,Sender,Me2MePush,Receiver,,,,,,,
Novobank,Новобанк,100000000222,044959746,C2BQRD,Receiver,Sender,C2BQRS,Receiver,Sender,C2BMcom,Sender,C2BRfnd,Receiver,Sender,C2CPush,Receiver,Sender,B2COther,Receiver,Sender,SbscrLnk,Receiver,Sender,Me2MePull,Receiver,Sender,Me2MePush,Receiver,,,,,,,
MOSOBLBANK,МОСОБЛБАНК,100000000221,044525521,C2BQRD,Receiver,Sender,C2BQRS,Receiver,Sender,C2BMcom,Sender,C2BRfnd,Receiver,Sender,C2CPush,Receiver,Sender,B2COther,Receiver,Sender,SbscrLnk,Sender,,Me2MePull,Receiver,Sender,Me2MePush,Receiver,,,,,,,
AKIBANK,АКИБАНК,100000000107,049205933,C2BQRD,Receiver,Sender,C2BQRS,Receiver,Sender,C2BMcom,Sender,C2BRfnd,Receiver,Sender,C2CPush,Receiver,Sender,B2COther,Receiver,Sender,SbscrLnk,Receiver,Sender,Me2MePull,Receiver,Sender,Me2MePush,Receiver,,,,,,,
Prio-Vneshtorgbank,Прио-Внешторгбанк,100000000228,046126708,C2BQRD,Receiver,Sender,C2BQRS,Receiver,Sender,C2BMcom,Sender,C2BRfnd,Receiver,Sender,C2CPush,Receiver,Sender,B2COther,Receiver,Sender,SbscrLnk,Receiver,Sender,Me2MePull,Receiver,Sender,Me2MePush,Receiver,,,,,,,
CHELINDBANK,ЧЕЛИНДБАНК,100000000106,047501711,C2BQRD,Receiver,Sender,C2BQRS,Receiver,Sender,C2BMcom,Sender,C2BRfnd,Receiver,Sender,C2CPush,Receiver,Sender,B2COther,Receiver,Sender,Me2MePull,Receiver,Sender,Me2MePush,Receiver,,,,,,,,,,
CFB LLC,Банк БКФ,100000000227,044525215,C2BQRD,Receiver,Sender,C2BQRS,Receiver,Sender,C2BMcom,Sender,C2BRfnd,Receiver,Sender,C2CPush,Receiver,Sender,B2COther,Receiver,Sender,SbscrLnk,Receiver,Sender,Me2MePull,Receiver,Sender,Me2MePush,Receiver,,,,,,,
SBI Bank,Эс-Би-Ай Банк,100000000105,044525265,C2BQRD,Receiver,Sender,C2BQRS,Receiver,Sender,C2BMcom,Sender,C2BRfnd,Receiver,Sender,C2CPush,Receiver,Sender,B2COther,Receiver,Sender,SbscrLnk,Sender,,Me2MePull,Receiver,Sender,Me2MePush,Receiver,,,,,,,
PJSCB Primorye,Банк Приморье,100000000226,040507795,C2BQRD,Receiver,Sender,C2BQRS,Receiver,Sender,C2BMcom,Sender,C2BRfnd,Receiver,Sender,C2CPush,Receiver,Sender,B2COther,Receiver,Sender,SbscrLnk,Receiver,Sender,Me2MePull,Receiver,Sender,Me2MePush,Receiver,,,,,,,
Belgorodsocbank,УКБ Белгородсоцбанк,100000000225,041403701,C2BQRD,Receiver,Sender,C2BQRS,Receiver,Sender,C2BMcom,Sender,C2BRfnd,Receiver,Sender,C2CPush,Receiver,Sender,B2COther,Receiver,Sender,SbscrLnk,Receiver,Sender,Me2MePull,Receiver,Sender,Me2MePush,Receiver,,,,,,,
MC Bank Rus,МС Банк Рус,100000000229,044525490,C2BQRD,Receiver,Sender,C2BQRS,Receiver,Sender,C2BMcom,Sender,C2BRfnd,Receiver,Sender,C2CPush,Receiver,Sender,B2COther,Receiver,,Me2MePull,Receiver,Sender,Me2MePush,Receiver,,,,,,,,,,
Asian Pacific Bank,Азиатско Тихоокеанский Банк,100000000108,041012765,C2BQRD,Receiver,Sender,C2BQRS,Receiver,Sender,C2BRfnd,Receiver,C2CPush,Receiver,Sender,B2COther,Receiver,Sender,SbscrLnk,Receiver,Sender,Me2MePull,Receiver,Sender,Me2MePush,Receiver,,,,Sender,,,,,,
CB Moskommertsbank,КБ Москоммерцбанк,100000000110,044525951,C2BQRD,Receiver,Sender,C2BQRS,Receiver,Sender,C2BMcom,Sender,C2BRfnd,Receiver,Sender,C2CPush,Receiver,Sender,B2COther,Receiver,Sender,Me2MePull,Receiver,Sender,Me2MePush,Receiver,,,,,,,,,,
CentroCredit Bank,Банк ЦентроКредит,100000000231,044525514,C2BQRD,Receiver,Sender,C2BQRS,Receiver,Sender,C2BMcom,Sender,C2BRfnd,Receiver,Sender,C2CPush,Receiver,Sender,B2COther,Receiver,Sender,SbscrLnk,Sender,,Me2MePull,Receiver,Sender,Me2MePush,Receiver,,,,,,,
Solid Bank,Солид Банк,100000000230,040507595,C2BQRD,Receiver,Sender,C2BQRS,Receiver,Sender,C2BMcom,Sender,C2BRfnd,Receiver,Sender,C2CPush,Receiver,Sender,B2COther,Receiver,Sender,Me2MePull,Receiver,Sender,Me2MePush,Receiver,,,,,,,,,,
PJSCB DERZHAVA,АКБ Держава,100000000235,044525675,C2BQRD,Receiver,Sender,C2BQRS,Receiver,Sender,C2BMcom,Sender,C2BRfnd,Receiver,Sender,C2CPush,Receiver,Sender,B2COther,Receiver,Sender,SbscrLnk,Receiver,Sender,Me2MePull,Receiver,Sender,Me2MePush,Receiver,,,,,,,
Alef-Bank,Алеф-Банк,100000000113,044525268,C2BQRD,Receiver,Sender,C2BQRS,Receiver,Sender,C2BMcom,Sender,C2BRfnd,Receiver,Sender,C2CPush,Receiver,Sender,B2COther,Receiver,Sender,SbscrLnk,Receiver,Sender,Me2MePull,Receiver,Sender,Me2MePush,Receiver,,,,,,,
MOSCOW CITY BANK,БАНК МОСКВА СИТИ,100000000234,044525800,C2BQRD,Receiver,Sender,C2BQRS,Receiver,Sender,C2BMcom,Sender,C2BRfnd,Receiver,Sender,C2CPush,Receiver,Sender,B2COther,Receiver,Sender,SbscrLnk,Receiver,Sender,Me2MePull,Receiver,Sender,Me2MePush,Receiver,,,,,,,
GARANT-INVEST BANK,ГАРАНТ-ИНВЕСТ БАНК,100000000112,044525109,C2BQRD,Receiver,Sender,C2BQRS,Receiver,Sender,C2BMcom,Sender,C2BRfnd,Receiver,Sender,C2CPush,Receiver,Sender,B2COther,Receiver,Sender,SbscrLnk,Receiver,Sender,Me2MePull,Receiver,Sender,Me2MePush,Receiver,,,,,,,
NK Bank,НК Банк,100000000233,044525278,C2BQRD,Receiver,Sender,C2BQRS,Receiver,Sender,C2BMcom,Sender,C2BRfnd,Receiver,Sender,C2CPush,Receiver,Sender,B2COther,Receiver,Sender,SbscrLnk,Receiver,Sender,Me2MePull,Receiver,Sender,Me2MePush,Receiver,,,,,,,
Sberbank of Russia,Сбербанк,100000000111,044525225,C2BQRD,Receiver,Sender,C2BQRS,Receiver,Sender,C2BMcom,Sender,C2BRfnd,Receiver,Sender,C2CPush,Receiver,Sender,B2COther,Receiver,Sender,Me2MePull,Receiver,Sender,Me2MePush,Receiver,,,,,,,,,,
Realist Bank,Реалист Банк,100000000232,044525285,C2BQRD,Receiver,Sender,C2BQRS,Receiver,Sender,C2BMcom,Sender,C2BRfnd,Receiver,Sender,C2CPush,Receiver,Sender,B2COther,Receiver,Sender,SbscrLnk,Receiver,Sender,Me2MePull,Receiver,Sender,Me2MePush,Receiver,,,,,,,
CB Agropromcredit,КБ АГРОПРОМКРЕДИТ,100000000118,044525710,C2BQRD,Receiver,Sender,C2BQRS,Receiver,Sender,C2BMcom,Sender,C2BRfnd,Receiver,Sender,C2CPush,Receiver,Sender,B2COther,Receiver,Sender,SbscrLnk,Receiver,Sender,Me2MePull,Receiver,Sender,Me2MePush,Receiver,,,,,,,
Industrial Savings Bank,ИС Банк,100000000239,044525349,C2BQRD,Receiver,Sender,C2BQRS,Receiver,Sender,C2BRfnd,Receiver,C2CPush,Receiver,Sender,B2COther,Receiver,Sender,Me2MePull,Receiver,Sender,Me2MePush,Receiver,,,,,,,Sender,,,,,,
ProBank,ПроБанк,100000000117,044525203,C2BQRD,Receiver,Sender,C2BQRS,Receiver,Sender,C2BRfnd,Receiver,C2CPush,Receiver,Sender,B2COther,Receiver,Sender,Me2MePull,Receiver,Sender,Me2MePush,Receiver,,,,,,,Sender,,,,,,
NICO-BANK,НИКО-БАНК,100000000115,045354814,C2BQRD,Receiver,Sender,C2BQRS,Receiver,Sender,C2BMcom,Sender,C2BRfnd,Receiver,Sender,C2CPush,Receiver,Sender,B2COther,Receiver,Sender,SbscrLnk,Receiver,Sender,Me2MePull,Receiver,Sender,Me2MePush,Receiver,,,,,,,
Bank IPB,Банк ИПБ,100000000236,044525402,C2BQRD,Receiver,Sender,C2BQRS,Receiver,Sender,C2BMcom,Sender,C2BRfnd,Receiver,Sender,C2CPush,Receiver,Sender,B2COther,Receiver,Sender,SbscrLnk,Receiver,Sender,Me2MePull,Receiver,Sender,Me2MePush,Receiver,,,,,,,
CB Solidarnost,КБ Солидарность,100000000121,043601706,C2BQRD,Receiver,Sender,C2BQRS,Receiver,Sender,C2BMcom,Sender,C2BRfnd,Receiver,Sender,C2CPush,Receiver,Sender,B2COther,Receiver,Sender,SbscrLnk,Sender,,Me2MePull,Receiver,Sender,Me2MePush,Receiver,,,,,,,
National Settlement Depository,Национальный расчетный депозитарий,100000000241,044525505,C2BQRD,Receiver,,C2BQRS,Receiver,,C2BRfnd,Sender,B2COther,Sender,,,,,,,,,,,,,,,,,,,,,,
Tinkoff Bank,Тинькофф Банк,100000000004,044525974,C2BQRD,Receiver,Sender,C2BQRS,Receiver,Sender,C2BMcom,Sender,C2BRfnd,Receiver,Sender,C2CPush,Receiver,Sender,B2COther,Receiver,Sender,SbscrLnk,Sender,,Me2MePull,Receiver,Sender,Me2MePush,Receiver,,,C2CIntPush,Sender,,,
GORBANK,ГОРБАНК,100000000125,044030814,C2BQRD,Receiver,Sender,C2BQRS,Receiver,Sender,C2BMcom,Sender,C2BRfnd,Receiver,Sender,C2CPush,Receiver,Sender,B2COther,Receiver,Sender,Me2MePull,Receiver,Sender,Me2MePush,Receiver,,,,,,,,,,
SME Bank,МСП Банк,100000000246,044525108,C2BQRD,Receiver,Sender,C2BQRS,Receiver,Sender,C2BRfnd,Receiver,C2CPush,Receiver,Sender,B2COther,Receiver,Sender,Me2MePush,Receiver,,,,,,,,,,Sender,,,,,,
BANK SINARA,Банк Синара,100000000003,046577756,C2BQRD,Receiver,Sender,C2BQRS,Receiver,Sender,B2BPush,Receiver,C2BMcom,Sender,,C2BRfnd,Receiver,Sender,C2CPush,Receiver,Sender,B2COther,Receiver,Sender,SbscrLnk,Receiver,Sender,Me2MePull,Receiver,Sender,Sender,Me2MePush,Receiver,,C2CIntPush,Sender
BANK ORENBURG,БАНК ОРЕНБУРГ,100000000124,045354885,C2BQRD,Receiver,Sender,C2BQRS,Receiver,Sender,C2BMcom,Sender,C2BRfnd,Receiver,Sender,C2CPush,Receiver,Sender,B2COther,Receiver,Sender,SbscrLnk,Receiver,Sender,Me2MePull,Receiver,Sender,Me2MePush,Receiver,,,,,,,
JSC CB Lanta Bank,АКБ Ланта Банк,100000000245,044525348,C2BQRD,Receiver,Sender,C2BQRS,Receiver,Sender,C2BMcom,Sender,C2BRfnd,Receiver,Sender,C2CPush,Receiver,Sender,B2COther,Receiver,Sender,SbscrLnk,Receiver,Sender,Me2MePull,Receiver,Sender,Me2MePush,Receiver,,,,,,,
KoronaPay (Credit Union Payment Center),Золотая Корона - KoronaPay (РНКО Платежный Центр),100000000002,045004832,C2CPush,Receiver,Sender,Me2MePull,Receiver,Sender,Me2MePush,Receiver,,,,,,,,,,,,,,,,,,Sender,,,,,,
NCO MOBI.Money,НКО МОБИ.Деньги,100000000123,044525678,C2BQRD,Receiver,,C2BQRS,Receiver,,C2BRfnd,Sender,C2CPush,Receiver,Sender,B2COther,Sender,,SbscrLnk,Receiver,,Me2MePull,Receiver,,Me2MePush,Receiver,,,,,,,,,,
Gazprombank,Газпромбанк,100000000001,044525823,C2BQRD,Receiver,Sender,C2BQRS,Receiver,Sender,B2BPush,Receiver,C2BMcom,Sender,,C2BRfnd,Receiver,Sender,C2CPush,Receiver,Sender,B2COther,Receiver,Sender,SbscrLnk,Receiver,Sender,Me2MePull,Receiver,Sender,Sender,Me2MePush,Receiver,,,
National Standard Bank,Банк Национальный стандарт,100000000243,044525498,C2BQRD,Receiver,Sender,C2BQRS,Receiver,Sender,C2BMcom,Sender,C2BRfnd,Receiver,Sender,C2CPush,Receiver,Sender,B2COther,Receiver,Sender,SbscrLnk,Receiver,Sender,Me2MePull,Receiver,Sender,Me2MePush,Receiver,,,,,,,
IC Bank,ИК Банк,100000000122,049209767,C2BQRD,Receiver,Sender,C2BQRS,Receiver,Sender,C2BMcom,Sender,C2BRfnd,Receiver,Sender,C2CPush,Receiver,Sender,B2COther,Receiver,Sender,SbscrLnk,Receiver,Sender,Me2MePull,Receiver,Sender,Me2MePush,Receiver,,,,,,,
Alfa Bank,Альфа Банк,100000000008,044525593,C2BQRD,Receiver,Sender,C2BQRS,Receiver,Sender,C2BMcom,Sender,C2BRfnd,Receiver,Sender,C2CPush,Receiver,Sender,B2COther,Receiver,Sender,SbscrLnk,Receiver,Sender,Me2MePull,Receiver,Sender,Me2MePush,Receiver,,Sender,,,,,
CB ARESBANK,КБ АРЕСБАНК,100000000129,044525229,C2BQRD,Receiver,Sender,C2BQRS,Receiver,Sender,C2BMcom,Sender,C2BRfnd,Receiver,Sender,C2CPush,Receiver,Sender,B2COther,Receiver,Sender,SbscrLnk,Receiver,Sender,Me2MePull,Receiver,Sender,Me2MePush,Receiver,,,,,,,
Raiffeisenbank,Райффайзен Банк,100000000007,044525700,C2BQRD,Receiver,Sender,C2BQRS,Receiver,Sender,C2BMcom,Sender,C2BRfnd,Receiver,Sender,C2CPush,Receiver,Sender,B2COther,Receiver,Sender,SbscrLnk,Receiver,Sender,Me2MePull,Receiver,Sender,Me2MePush,Receiver,,Sender,,,,,
Citibank,Ситибанк,100000000128,044525202,C2BQRD,Receiver,Sender,C2BQRS,Receiver,Sender,C2BMcom,Sender,C2BRfnd,Receiver,Sender,C2CPush,Receiver,Sender,B2COther,Receiver,Sender,SbscrLnk,Sender,,Me2MePull,Receiver,Sender,Me2MePush,Receiver,,,,,,,
AK BARS BANK,Ак Барс Банк,100000000006,049205805,C2BQRD,Receiver,Sender,C2BQRS,Receiver,Sender,C2BMcom,Sender,C2BRfnd,Receiver,Sender,C2CPush,Receiver,Sender,B2COther,Receiver,Sender,SbscrLnk,Receiver,Sender,Me2MePull,Receiver,Sender,Me2MePush,Receiver,,,,,,,
Khakas municipal bank,Хакасский муниципальный банк,100000000127,049514745,C2BQRD,Receiver,Sender,C2BQRS,Receiver,Sender,C2BMcom,Sender,C2BRfnd,Receiver,Sender,C2CPush,Receiver,Sender,B2COther,Receiver,Sender,Me2MePull,Receiver,Sender,Me2MePush,Receiver,,,,,,,,,,
VNESHFINBANK,ВНЕШФИНБАНК,100000000248,040349909,C2BQRD,Receiver,Sender,C2BQRS,Receiver,Sender,C2BMcom,Sender,C2BRfnd,Receiver,Sender,C2CPush,Receiver,Sender,B2COther,Receiver,Sender,SbscrLnk,Sender,,Me2MePull,Receiver,Sender,Me2MePush,Receiver,,,,,,,
VTB,ВТБ,100000000005,044525187,C2BQRD,Receiver,Sender,C2BQRS,Receiver,Sender,C2BMcom,Sender,C2BRfnd,Receiver,Sender,C2CPush,Receiver,Sender,B2COther,Receiver,,SbscrLnk,Receiver,Sender,Me2MePull,Receiver,Sender,Me2MePush,Receiver,,Sender,C2CIntPush,Sender,,,
Bank Saratov,Банк Саратов,100000000126,046311755,C2BQRD,Receiver,Sender,C2BQRS,Receiver,Sender,C2BMcom,Sender,C2BRfnd,Receiver,Sender,C2CPush,Receiver,Sender,B2COther,Receiver,Sender,Me2MePull,Receiver,Sender,Me2MePush,Receiver,,,,,,,,,,
bank Round,банк Раунд,100000000247,044525739,C2BQRD,Receiver,Sender,C2BQRS,Receiver,Sender,C2BMcom,Sender,C2BRfnd,Receiver,Sender,C2CPush,Receiver,Sender,B2COther,Receiver,Sender,SbscrLnk,Receiver,Sender,Me2MePull,Receiver,Sender,Me2MePush,Receiver,,,,,,,
QIWI Wallet (QIWI Bank),QIWI Кошелек (КИВИ Банк),100000000009,044525416,C2BQRD,Receiver,Sender,C2BQRS,Receiver,Sender,C2BMcom,Sender,C2BRfnd,Receiver,Sender,C2CPush,Receiver,Sender,B2COther,Receiver,Sender,SbscrLnk,Receiver,Sender,Me2MePull,Receiver,Sender,Me2MePush,Receiver,,,,,,,
RNCB,РНКБ Банк,100000000011,043510607,C2BQRD,Receiver,Sender,C2BQRS,Receiver,Sender,C2BMcom,Sender,C2BRfnd,Receiver,Sender,C2CPush,Receiver,Sender,B2COther,Receiver,Sender,Me2MePull,Receiver,Sender,Me2MePush,Receiver,,,,,,,,,,
RN Bank,РН БАНК,100000000253,044525147,C2BQRD,Receiver,Sender,C2BQRS,Receiver,Sender,C2BMcom,Sender,C2BRfnd,Receiver,Sender,C2CPush,Receiver,Sender,B2COther,Receiver,Sender,Me2MePull,Receiver,Sender,Me2MePush,Receiver,,,,,,,,,,
Promsvyazbank,Промсвязьбанк,100000000010,044525555,C2BQRD,Receiver,Sender,C2BQRS,Receiver,Sender,B2BPush,Receiver,C2BMcom,Sender,,C2BRfnd,Receiver,Sender,C2CPush,Receiver,Sender,B2COther,Receiver,Sender,SbscrLnk,Receiver,Sender,Me2MePull,Receiver,Sender,Sender,Me2MePush,Receiver,,,
AVTOGRADBANK,Автоградбанк,100000000130,049205878,C2BQRD,Receiver,Sender,C2BQRS,Receiver,Sender,C2BMcom,Sender,C2BRfnd,Receiver,Sender,C2CPush,Receiver,Sender,B2COther,Receiver,Sender,Me2MePush,Receiver,,,,,,,,,,,,,
Drive Click Bank,Драйв Клик Банк,100000000250,044525811,C2BQRD,Receiver,Sender,C2BQRS,Receiver,Sender,C2BRfnd,Receiver,C2CPush,Receiver,Sender,B2COther,Receiver,Sender,SbscrLnk,Sender,,Me2MePull,Receiver,Sender,Me2MePush,Receiver,,,,Sender,,,,,,
